event_time,device_type,avg_temp,median_humidity,min_temp,max_temp,readings_count,status
20:21,Метеостанция,17.1,74.8,17.1,17.1,1,холодно + влажно
20:21,Датчик теплицы,27.8,45.2,27.8,27.8,1,жарко
20:21,Гигрометр,28.7,74.6,28.7,28.7,1,жарко + влажно
20:21,Гигрометр,24.12,52.3,20.0,26.5,5,комфортно
20:21,Метеостанция,17.4,70.2,15.5,19.8,3,холодно + влажно
20:21,Термостат,23.15,49.7,19.4,26.9,2,комфортно
20:21,Термостат,22.48,58.35,17.9,26.4,4,комфортно
20:21,Датчик теплицы,16.65,60.6,16.5,16.8,2,холодно
20:21,Гигрометр,25.0,55.8,25.0,25.0,1,комфортно
20:21,Метеостанция,23.17,57.1,18.9,28.9,3,комфортно
20:22,Гигрометр,22.64,49.3,18.9,26.0,5,комфортно
20:22,Метеостанция,19.23,31.5,17.7,20.2,3,сухо
20:22,Датчик теплицы,21.25,45.7,20.0,22.5,2,комфортно
20:22,Гигрометр,24.4,55.35,20.6,28.2,2,комфортно
20:22,Метеостанция,24.3,45.6,17.4,27.9,3,комфортно
20:22,Датчик теплицы,23.72,40.4,15.9,29.5,5,комфортно
20:22,Термостат,25.3,47.25,21.0,28.2,4,комфортно
20:22,Датчик теплицы,23.65,52.8,19.8,28.6,4,комфортно
20:22,Гигрометр,16.8,52.7,16.0,17.6,2,холодно
20:22,Метеостанция,24.57,54.6,21.9,28.6,6,комфортно
20:22,Гигрометр,22.65,54.5,17.9,27.4,2,комфортно
20:22,Датчик теплицы,17.8,59.6,17.6,18.0,2,холодно
20:22,Датчик теплицы,23.1,67.9,21.2,25.0,2,влажно
20:22,Термостат,23.35,51.25,16.9,29.8,2,комфортно
20:22,Гигрометр,23.75,46.3,18.2,28.2,4,комфортно
20:22,Метеостанция,24.3,42.15,23.8,24.8,2,комфортно
20:22,Гигрометр,27.0,73.35,26.6,27.4,2,жарко + влажно
20:22,Датчик теплицы,21.1,45.55,18.3,23.9,2,комфортно
20:22,Термостат,21.35,35.95,19.9,22.8,2,комфортно
20:22,Метеостанция,23.5,61.7,16.2,28.3,4,комфортно
20:23,Датчик теплицы,20.23,51.9,16.5,23.1,3,комфортно
20:23,Метеостанция,17.2,35.6,16.1,18.3,2,холодно
20:23,Гигрометр,16.4,42.3,16.4,16.4,1,холодно
20:23,Термостат,20.05,35.65,15.0,26.2,4,комфортно
20:23,Датчик теплицы,21.42,62.6,18.6,25.6,4,комфортно
20:23,Термостат,20.67,58.3,15.4,23.6,3,комфортно
20:23,Гигрометр,25.1,42.3,25.1,25.1,1,комфортно
20:23,Метеостанция,23.3,39.85,18.3,28.3,2,комфортно
20:23,Термостат,24.42,61.5,16.7,27.9,4,комфортно
20:23,Гигрометр,23.62,54.65,20.5,29.7,4,комфортно
20:23,Датчик теплицы,26.95,42.9,25.4,28.5,2,жарко
20:23,Датчик теплицы,19.13,42.1,15.4,24.5,3,комфортно
20:23,Термостат,22.65,58.0,17.8,28.8,4,комфортно
20:23,Гигрометр,23.5,57.9,22.0,26.4,3,комфортно
20:23,Гигрометр,23.5,71.8,18.8,27.2,3,влажно
20:23,Метеостанция,21.55,46.35,19.5,23.6,2,комфортно
20:23,Датчик теплицы,20.05,43.0,15.0,22.4,4,комфортно
20:23,Термостат,15.4,41.7,15.4,15.4,1,холодно
20:23,Гигрометр,24.83,54.6,21.1,28.4,4,комфортно
20:23,Термостат,16.7,46.7,16.7,16.7,1,холодно
20:23,Метеостанция,19.88,57.45,16.0,27.1,4,комфортно
20:23,Датчик теплицы,19.3,37.3,19.3,19.3,1,комфортно
20:24,Датчик теплицы,24.66,40.8,15.7,29.9,5,комфортно
20:24,Гигрометр,19.9,42.7,19.9,19.9,1,комфортно
20:24,Термостат,26.7,37.5,26.7,26.7,1,жарко
20:24,Метеостанция,19.47,54.2,15.3,26.9,3,комфортно
20:24,Датчик теплицы,21.9,49.9,16.9,28.8,5,комфортно
20:24,Термостат,25.32,51.8,16.6,29.4,5,комфортно
20:24,Метеостанция,27.2,70.2,27.2,27.2,1,жарко + влажно
20:24,Термостат,17.35,62.9,16.0,18.7,2,холодно
20:24,Датчик теплицы,23.12,55.7,15.5,28.4,5,комфортно
20:24,Гигрометр,26.85,35.1,25.8,27.9,2,жарко
20:24,Термостат,19.2,67.9,19.2,19.2,1,влажно
20:24,Метеостанция,22.7,70.9,15.9,26.7,5,влажно
20:24,Датчик теплицы,20.85,53.35,15.1,28.8,4,комфортно
20:24,Датчик теплицы,22.67,54.8,15.1,26.9,4,комфортно
20:24,Термостат,21.35,66.2,15.2,27.3,4,влажно
20:24,Метеостанция,22.65,49.45,18.7,26.6,2,комфортно
20:24,Гигрометр,24.1,39.4,20.6,26.8,4,комфортно
20:24,Термостат,24.9,54.2,24.9,24.9,1,комфортно
20:24,Метеостанция,21.3,56.3,17.0,29.4,3,комфортно
20:24,Датчик теплицы,27.3,62.1,27.2,27.4,2,жарко
20:25,Датчик теплицы,25.4,62.1,22.5,28.4,4,комфортно
20:25,Гигрометр,25.6,51.4,18.6,29.1,4,комфортно
20:25,Метеостанция,27.15,59.25,25.6,28.7,2,жарко
20:25,Гигрометр,24.2,68.5,18.8,29.6,2,влажно
20:25,Датчик теплицы,19.42,70.4,15.7,28.3,5,влажно
20:25,Метеостанция,18.3,55.25,16.5,20.1,2,комфортно
20:25,Термостат,22.4,67.5,22.4,22.4,1,влажно
20:25,Метеостанция,27.7,56.65,25.7,29.7,2,жарко
20:25,Термостат,25.7,48.45,20.0,29.8,4,комфортно
20:25,Датчик теплицы,25.7,65.95,24.5,26.9,2,влажно
20:25,Гигрометр,23.3,48.55,19.1,27.5,2,комфортно
20:25,Датчик теплицы,20.3,57.55,15.7,25.1,4,комфортно
20:25,Метеостанция,23.15,53.2,17.3,29.7,4,комфортно
20:25,Термостат,29.3,64.0,29.3,29.3,1,жарко
20:25,Гигрометр,15.7,40.5,15.7,15.7,1,холодно
20:25,Датчик теплицы,25.0,75.45,20.2,28.9,4,влажно
20:25,Метеостанция,22.4,44.9,18.8,26.0,2,комфортно
20:25,Гигрометр,15.95,42.95,15.9,16.0,2,холодно
20:25,Термостат,21.7,43.15,16.4,27.0,2,комфортно
20:25,Гигрометр,20.77,48.3,16.2,24.7,3,комфортно
20:25,Метеостанция,25.37,62.0,23.1,26.8,3,комфортно
20:25,Датчик теплицы,22.35,57.9,20.8,23.9,2,комфортно
20:25,Термостат,22.4,54.6,15.3,29.5,2,комфортно
20:26,Термостат,27.5,73.9,27.5,27.5,1,жарко + влажно
20:26,Метеостанция,19.72,66.6,16.3,24.9,4,влажно
20:26,Датчик теплицы,26.03,60.5,24.6,28.3,3,жарко
20:26,Гигрометр,23.9,53.7,19.4,28.4,2,комфортно
20:26,Метеостанция,22.5,55.7,17.0,28.3,3,комфортно
20:26,Термостат,19.13,68.0,15.3,22.4,3,влажно
20:26,Датчик теплицы,26.95,37.8,26.6,27.3,2,жарко
20:26,Гигрометр,28.6,37.35,28.0,29.2,2,жарко
20:26,Гигрометр,22.12,65.9,18.3,29.5,4,влажно
20:26,Метеостанция,23.4,57.7,22.3,25.3,3,комфортно
20:26,Датчик теплицы,25.85,47.0,23.0,28.7,2,комфортно
20:26,Термостат,18.2,67.1,18.2,18.2,1,влажно
20:26,Метеостанция,23.83,72.75,20.7,27.6,4,влажно
20:26,Гигрометр,23.83,54.0,17.2,27.5,3,комфортно
20:26,Термостат,15.1,35.0,15.1,15.1,1,холодно + сухо
20:26,Датчик теплицы,24.1,64.6,20.9,27.3,2,комфортно
20:26,Термостат,23.1,42.55,15.2,28.7,4,комфортно
20:26,Метеостанция,24.4,55.7,19.5,28.8,4,комфортно
20:26,Датчик теплицы,26.0,72.4,26.0,26.0,1,жарко + влажно
20:26,Гигрометр,28.0,44.1,28.0,28.0,1,жарко
20:26,Гигрометр,19.25,50.2,17.3,21.2,2,комфортно
20:26,Датчик теплицы,19.8,61.2,15.3,28.4,4,комфортно
20:26,Метеостанция,21.65,64.95,19.1,24.2,2,комфортно
20:26,Термостат,20.45,58.25,20.3,20.6,2,комфортно
20:27,Датчик теплицы,23.7,45.45,21.1,26.3,2,комфортно
20:27,Гигрометр,21.88,52.3,17.0,27.6,5,комфортно
20:27,Термостат,23.85,38.65,18.5,29.2,2,комфортно
20:27,Метеостанция,25.0,52.1,25.0,25.0,1,комфортно
20:27,Датчик теплицы,22.3,55.8,18.6,26.0,2,комфортно
20:27,Метеостанция,21.3,50.5,17.8,23.2,3,комфортно
20:27,Термостат,26.0,50.2,25.9,26.1,3,жарко
20:27,Гигрометр,26.2,67.5,23.4,29.0,2,жарко + влажно
20:27,Датчик теплицы,22.23,49.5,17.0,26.7,3,комфортно
20:27,Метеостанция,16.85,61.45,16.7,17.0,2,холодно
20:27,Термостат,22.75,64.35,17.5,27.9,4,комфортно
20:27,Гигрометр,22.5,64.1,22.5,22.5,1,комфортно
20:27,Датчик теплицы,19.6,49.7,15.3,26.8,4,комфортно
20:27,Метеостанция,22.58,45.8,18.9,26.1,4,комфортно
20:27,Гигрометр,27.2,71.1,27.2,27.2,1,жарко + влажно
20:27,Термостат,15.7,40.9,15.7,15.7,1,холодно
20:27,Гигрометр,25.8,66.15,24.4,27.2,2,влажно
20:27,Датчик теплицы,20.28,55.15,15.7,26.8,6,комфортно
20:27,Метеостанция,16.2,65.2,16.2,16.2,1,холодно + влажно
20:27,Термостат,23.9,61.0,23.9,23.9,1,комфортно
20:27,Метеостанция,19.27,54.25,18.5,19.8,4,комфортно
20:27,Гигрометр,22.2,61.1,21.2,23.2,2,комфортно
20:27,Датчик теплицы,25.97,75.5,24.8,27.8,3,влажно
20:27,Термостат,25.7,60.8,25.7,25.7,1,комфортно
20:28,Датчик теплицы,19.87,59.5,16.8,22.4,3,комфортно
20:28,Термостат,19.88,48.5,15.7,25.0,5,комфортно
20:28,Метеостанция,27.3,68.3,27.3,27.3,1,жарко + влажно
20:28,Гигрометр,19.5,58.4,19.5,19.5,1,комфортно
20:28,Термостат,22.67,42.45,20.3,24.8,4,комфортно
20:28,Гигрометр,19.8,56.9,19.8,19.8,1,комфортно
20:28,Датчик теплицы,21.58,67.9,15.6,26.3,5,влажно
20:28,Гигрометр,22.7,39.05,17.8,27.6,2,комфортно
20:28,Датчик теплицы,19.2,73.85,15.3,23.4,4,влажно
20:28,Метеостанция,23.5,50.9,19.6,27.4,2,комфортно
20:28,Термостат,26.05,47.85,23.9,28.2,2,жарко
20:28,Датчик теплицы,23.62,51.25,18.4,30.0,4,комфортно
20:28,Термостат,20.57,56.65,15.6,26.5,4,комфортно
20:28,Гигрометр,22.3,61.1,22.3,22.3,1,комфортно
20:28,Метеостанция,25.6,58.9,25.6,25.6,1,комфортно
20:28,Метеостанция,21.4,57.45,19.5,23.3,2,комфортно
20:28,Гигрометр,22.06,64.1,16.9,26.6,7,комфортно
20:28,Термостат,20.1,40.4,20.1,20.1,1,комфортно
20:28,Датчик теплицы,22.0,70.5,18.9,24.7,3,влажно
20:28,Гигрометр,24.15,70.5,20.5,27.7,4,влажно
20:28,Термостат,18.35,50.3,15.8,20.9,2,комфортно
20:28,Метеостанция,18.1,51.6,18.1,18.1,1,комфортно
20:29,Гигрометр,24.8,36.3,22.1,27.4,3,комфортно
20:29,Датчик теплицы,20.68,44.05,15.2,29.2,4,комфортно
20:29,Термостат,23.97,72.3,16.4,29.6,3,влажно
20:29,Датчик теплицы,29.1,32.3,28.5,29.7,2,жарко + сухо
20:29,Метеостанция,19.05,63.05,17.1,21.0,2,комфортно
20:29,Гигрометр,23.7,68.6,19.1,28.3,2,влажно
20:29,Термостат,24.8,61.7,20.0,28.4,4,комфортно
20:29,Термостат,24.15,55.0,20.4,27.9,2,комфортно
20:29,Датчик теплицы,24.5,48.65,21.3,27.7,2,комфортно
20:29,Метеостанция,23.45,53.1,20.4,26.5,2,комфортно
20:29,Гигрометр,22.58,67.85,15.3,27.4,4,влажно
20:29,Датчик теплицы,23.98,68.4,18.1,28.2,5,влажно
20:29,Метеостанция,24.35,37.65,23.7,25.0,2,комфортно
20:29,Термостат,23.5,68.8,23.5,23.5,1,влажно
20:29,Гигрометр,21.55,59.25,21.0,22.1,2,комфортно
20:29,Датчик теплицы,18.43,41.1,15.4,22.6,3,комфортно
20:29,Метеостанция,28.85,54.55,28.7,29.0,2,жарко
20:29,Гигрометр,23.38,51.45,20.1,27.7,4,комфортно
20:29,Термостат,18.3,54.1,18.3,18.3,1,комфортно
20:29,Термостат,24.07,59.3,21.8,26.9,3,комфортно
20:29,Гигрометр,20.53,54.2,16.0,29.4,3,комфортно
20:29,Метеостанция,20.45,51.6,18.5,22.4,2,комфортно
20:29,Датчик теплицы,23.9,50.3,21.0,26.8,2,комфортно
20:30,Датчик теплицы,26.37,59.9,24.5,28.8,4,жарко
20:30,Термостат,23.45,55.6,18.6,28.3,2,комфортно
20:30,Метеостанция,19.87,66.9,17.9,22.4,3,влажно
20:30,Гигрометр,28.3,56.6,28.3,28.3,1,жарко
20:30,Датчик теплицы,20.67,46.6,15.1,24.5,3,комфортно
20:30,Гигрометр,26.25,63.35,25.7,26.8,2,жарко
20:30,Термостат,21.2,76.6,17.8,23.7,3,влажно
20:30,Метеостанция,22.95,48.55,20.0,25.9,2,комфортно
20:30,Метеостанция,25.3,50.1,23.5,27.1,2,комфортно
20:30,Датчик теплицы,23.7,55.75,19.2,28.2,2,комфортно
20:30,Гигрометр,22.6,60.7,17.7,28.4,4,комфортно
20:30,Термостат,19.9,67.75,17.9,21.9,2,влажно
20:30,Гигрометр,22.75,33.95,17.3,28.5,4,сухо
20:30,Термостат,23.62,52.8,17.1,29.1,5,комфортно
20:30,Датчик теплицы,22.9,63.3,22.9,22.9,1,комфортно
20:30,Датчик теплицы,21.0,42.55,20.5,21.5,2,комфортно
20:30,Метеостанция,24.3,46.05,18.8,29.8,2,комфортно
20:30,Гигрометр,23.82,58.1,16.3,29.4,5,комфортно
20:30,Термостат,21.2,34.5,21.2,21.2,1,сухо
20:30,Метеостанция,23.05,42.1,19.3,26.8,2,комфортно
20:30,Датчик теплицы,26.05,55.75,25.3,26.8,2,жарко
20:30,Гигрометр,20.0,46.4,15.1,25.4,4,комфортно
20:30,Термостат,18.85,67.05,17.3,20.4,2,влажно
20:31,Метеостанция,21.7,65.0,15.1,28.3,2,влажно
20:31,Датчик теплицы,21.53,54.4,18.4,27.6,3,комфортно
20:31,Термостат,26.5,69.8,23.7,29.8,3,жарко + влажно
20:31,Гигрометр,20.15,64.7,18.9,21.4,2,комфортно
20:31,Датчик теплицы,23.0,67.0,20.5,25.5,2,влажно
20:31,Метеостанция,23.02,53.7,17.6,28.3,4,комфортно
20:31,Гигрометр,21.0,41.7,15.1,26.5,3,комфортно
20:31,Термостат,22.6,71.5,22.6,22.6,1,влажно
20:31,Термостат,16.45,59.9,16.1,16.8,2,холодно
20:31,Датчик теплицы,24.97,68.1,22.5,29.2,3,влажно
20:31,Метеостанция,20.0,31.9,20.0,20.0,1,сухо
20:31,Гигрометр,24.35,56.0,21.7,25.7,4,комфортно
20:31,Метеостанция,21.2,50.5,17.8,24.1,4,комфортно
20:31,Термостат,20.25,58.8,17.7,23.6,4,комфортно
20:31,Датчик теплицы,19.5,70.1,19.5,19.5,1,влажно
20:31,Гигрометр,16.3,38.3,16.3,16.3,1,холодно
20:31,Метеостанция,24.15,59.95,19.5,28.8,2,комфортно
20:31,Гигрометр,24.03,73.9,20.5,26.8,3,влажно
20:31,Термостат,25.97,65.8,24.3,29.3,3,влажно
20:31,Датчик теплицы,25.95,60.2,21.9,30.0,2,комфортно
20:31,Датчик теплицы,21.9,41.8,21.9,21.9,1,комфортно
20:31,Термостат,24.05,51.35,21.8,26.3,2,комфортно
20:31,Метеостанция,20.98,49.0,16.0,29.5,4,комфортно
20:31,Гигрометр,20.83,55.3,16.6,28.6,3,комфортно
20:32,Гигрометр,26.6,44.1,26.6,26.6,1,жарко
20:32,Датчик теплицы,19.8,55.8,16.2,23.4,2,комфортно
20:32,Метеостанция,21.54,62.5,15.1,27.8,5,комфортно
20:32,Термостат,21.55,53.25,21.4,21.7,2,комфортно
20:32,Датчик теплицы,21.0,38.3,21.0,21.0,1,комфортно
20:32,Метеостанция,23.12,45.1,17.2,28.0,5,комфортно
20:32,Термостат,23.8,62.65,17.7,29.9,2,комфортно
20:32,Гигрометр,17.45,42.4,15.4,19.5,2,холодно
20:32,Гигрометр,17.9,76.9,17.9,17.9,1,холодно + влажно
20:32,Термостат,19.52,41.5,16.3,23.4,4,комфортно
20:32,Метеостанция,18.05,53.8,16.4,19.9,4,комфортно
20:32,Датчик теплицы,26.4,56.5,26.4,26.4,1,жарко
20:32,Метеостанция,25.2,64.8,18.2,28.5,5,комфортно
20:32,Датчик теплицы,27.9,52.6,27.6,28.2,2,жарко
20:32,Термостат,22.43,50.3,18.8,27.0,3,комфортно
20:32,Термостат,23.0,50.65,21.5,24.5,2,комфортно
20:32,Метеостанция,23.97,73.0,20.7,27.1,3,влажно
20:32,Датчик теплицы,21.52,35.8,16.2,27.5,5,комфортно
20:32,Термостат,20.05,44.25,16.8,23.3,2,комфортно
20:32,Датчик теплицы,18.05,45.2,16.9,19.2,2,комфортно
20:32,Метеостанция,25.55,52.15,18.9,29.9,4,комфортно
20:32,Гигрометр,19.65,41.9,16.3,23.0,2,комфортно
20:33,Гигрометр,29.3,67.6,29.3,29.3,1,жарко + влажно
20:33,Датчик теплицы,23.65,73.75,22.6,24.7,2,влажно
20:33,Метеостанция,22.73,51.65,16.7,27.5,6,комфортно
20:33,Термостат,27.1,71.0,27.1,27.1,1,жарко + влажно
20:33,Термостат,20.65,45.4,19.0,22.3,2,комфортно
20:33,Датчик теплицы,19.48,65.85,16.3,24.9,4,влажно
20:33,Метеостанция,22.82,54.45,18.3,25.6,4,комфортно
20:33,Гигрометр,22.93,38.7,16.9,29.9,3,комфортно
20:33,Метеостанция,20.5,63.35,18.8,22.2,2,комфортно
20:33,Термостат,20.0,49.4,20.0,20.0,1,комфортно
20:33,Датчик теплицы,21.6,43.15,15.9,28.7,4,комфортно
20:33,Гигрометр,24.87,76.5,18.6,29.9,3,влажно
20:33,Метеостанция,21.2,50.15,17.9,24.5,4,комфортно
20:33,Термостат,21.83,40.2,19.4,26.6,3,комфортно
20:33,Датчик теплицы,26.8,52.75,23.8,29.8,2,жарко
20:33,Термостат,18.64,49.5,15.5,28.4,5,комфортно
20:33,Метеостанция,20.4,67.8,18.6,21.6,3,влажно
20:33,Термостат,23.3,44.35,18.7,27.6,4,комфортно
20:33,Датчик теплицы,16.93,42.7,16.3,18.1,3,холодно
20:33,Гигрометр,24.0,49.4,23.1,24.9,2,комфортно
20:33,Метеостанция,29.4,79.3,29.4,29.4,1,жарко + влажно
20:34,Метеостанция,21.73,64.1,17.1,25.5,3,комфортно
20:34,Гигрометр,21.3,44.4,15.3,27.3,2,комфортно
20:34,Датчик теплицы,24.27,45.5,16.0,29.3,3,комфортно
20:34,Термостат,20.25,58.15,17.0,23.5,2,комфортно
20:34,Гигрометр,23.03,39.35,17.8,27.9,4,комфортно
20:34,Датчик теплицы,22.4,59.85,20.2,24.6,2,комфортно
20:34,Термостат,26.53,64.3,24.7,28.0,3,жарко
20:34,Метеостанция,20.1,46.8,20.1,20.1,1,комфортно
20:34,Гигрометр,28.15,56.8,27.3,29.0,2,жарко
20:34,Термостат,24.6,55.9,24.3,24.9,2,комфортно
20:34,Метеостанция,21.27,30.7,16.3,24.9,3,сухо
20:34,Датчик теплицы,23.7,66.6,15.9,28.7,3,влажно
20:34,Гигрометр,21.6,69.8,21.6,21.6,1,влажно
20:34,Датчик теплицы,27.1,42.4,27.1,27.1,1,жарко
20:34,Метеостанция,24.75,64.55,20.2,29.3,2,комфортно
20:34,Термостат,23.03,37.0,17.7,29.4,6,комфортно
20:34,Термостат,24.2,40.7,22.9,25.7,3,комфортно
20:34,Датчик теплицы,19.63,47.0,16.8,22.6,3,комфортно
20:34,Метеостанция,22.1,68.4,17.4,28.0,4,влажно
20:34,Гигрометр,20.52,54.3,15.3,24.5,4,комфортно
20:34,Термостат,24.6,39.6,24.6,24.6,1,комфортно
20:34,Датчик теплицы,19.1,44.6,19.1,19.1,1,комфортно
20:34,Метеостанция,24.05,75.55,17.4,29.1,4,влажно
20:35,Датчик теплицы,18.1,40.8,18.1,18.1,1,комфортно
20:35,Метеостанция,19.15,55.95,16.8,21.5,2,комфортно
20:35,Гигрометр,23.22,56.1,16.2,29.4,5,комфортно
20:35,Термостат,21.95,41.0,20.0,23.9,2,комфортно
20:35,Гигрометр,20.63,40.8,15.9,27.2,3,комфортно
20:35,Термостат,17.5,66.3,17.5,17.5,1,холодно + влажно
20:35,Метеостанция,29.0,60.3,29.0,29.0,1,жарко
20:35,Датчик теплицы,20.82,64.9,18.1,29.9,5,комфортно
20:35,Гигрометр,19.05,62.0,16.2,21.9,2,комфортно
20:35,Термостат,21.9,60.7,18.1,24.5,3,комфортно
20:35,Метеостанция,24.05,68.95,16.2,29.5,4,влажно
20:35,Датчик теплицы,29.6,47.1,29.6,29.6,1,жарко
20:35,Термостат,24.6,40.9,23.2,25.9,3,комфортно
20:35,Метеостанция,28.4,44.4,28.4,28.4,1,жарко
20:35,Гигрометр,22.4,38.95,16.3,26.0,4,комфортно
22:57,Термостат,23.3,64.15,15.8,29.0,6,комфортно
22:57,Метеостанция,21.94,53.1,16.7,29.9,9,комфортно
22:57,Датчик теплицы,23.26,56.1,15.2,28.9,9,комфортно
22:57,Гигрометр,19.8,38.8,15.3,29.3,5,комфортно
22:57,Гигрометр,23.19,59.25,15.9,27.7,10,комфортно
22:57,Метеостанция,21.85,62.9,16.8,26.4,11,комфортно
22:57,Термостат,19.51,54.7,15.3,27.7,17,комфортно
22:57,Датчик теплицы,20.01,63.9,15.7,28.3,11,комфортно
22:57,Гигрометр,23.45,53.85,16.9,28.8,10,комфортно
22:57,Метеостанция,23.33,61.35,16.3,29.4,16,комфортно
22:57,Датчик теплицы,18.35,67.5,15.2,25.5,8,влажно
22:57,Термостат,21.12,54.05,15.2,29.3,20,комфортно
22:58,Гигрометр,22.26,50.75,15.4,27.6,10,комфортно
22:58,Метеостанция,22.42,66.4,18.0,29.2,11,влажно
22:58,Датчик теплицы,21.88,51.8,15.6,29.7,14,комфортно
22:58,Термостат,22.45,48.9,17.2,29.4,13,комфортно
22:58,Гигрометр,22.19,52.75,15.3,29.3,12,комфортно
22:58,Датчик теплицы,20.83,66.1,16.2,28.1,11,влажно
22:58,Метеостанция,23.29,55.9,16.9,29.1,14,комфортно
22:58,Термостат,20.96,56.6,15.0,28.5,14,комфортно
22:58,Метеостанция,23.28,53.7,16.0,29.4,9,комфортно
22:58,Гигрометр,22.58,42.9,16.5,30.0,18,комфортно
22:58,Термостат,23.86,71.5,15.9,29.5,7,влажно
22:58,Датчик теплицы,22.83,58.3,16.9,29.3,12,комфортно
22:58,Датчик теплицы,23.54,64.6,15.6,29.4,12,комфортно
22:58,Метеостанция,22.19,51.45,15.5,29.5,12,комфортно
22:58,Гигрометр,22.66,51.6,15.7,27.9,11,комфортно
22:58,Термостат,21.51,43.1,15.3,29.1,18,комфортно
22:58,Датчик теплицы,22.74,63.8,15.2,29.4,13,комфортно
22:58,Метеостанция,20.52,62.3,15.3,28.5,10,комфортно
22:58,Гигрометр,24.14,47.6,16.3,28.0,9,комфортно
22:58,Термостат,21.95,59.15,15.1,29.8,18,комфортно
22:58,Гигрометр,22.66,62.4,17.7,28.9,14,комфортно
22:58,Метеостанция,23.31,55.3,16.2,29.8,17,комфортно
22:58,Датчик теплицы,20.21,55.8,15.5,27.0,7,комфортно
22:58,Термостат,21.73,53.5,16.0,28.5,10,комфортно
22:59,Метеостанция,21.59,55.2,16.4,29.2,13,комфортно
22:59,Термостат,24.46,52.6,17.8,29.4,14,комфортно
22:59,Датчик теплицы,23.43,52.6,15.7,28.6,12,комфортно
22:59,Гигрометр,21.94,64.1,15.0,29.8,12,комфортно
22:59,Гигрометр,22.64,58.05,17.9,26.6,10,комфортно
22:59,Термостат,21.87,53.7,15.2,27.2,15,комфортно
22:59,Датчик теплицы,21.38,50.55,15.7,29.9,16,комфортно
22:59,Метеостанция,23.13,45.8,15.1,28.4,9,комфортно
22:59,Термостат,22.31,52.95,15.1,29.5,20,комфортно
22:59,Датчик теплицы,22.44,59.3,17.3,29.3,7,комфортно
22:59,Гигрометр,21.78,51.6,16.8,27.8,11,комфортно
22:59,Метеостанция,23.08,69.0,16.6,28.9,10,влажно
22:59,Метеостанция,20.33,49.9,15.5,25.7,11,комфортно
22:59,Термостат,24.05,58.6,17.0,29.6,13,комфортно
22:59,Датчик теплицы,20.12,56.1,15.3,23.2,9,комфортно
22:59,Гигрометр,20.96,62.5,15.5,27.1,16,комфортно
22:59,Метеостанция,21.96,55.9,15.7,29.8,14,комфортно
22:59,Гигрометр,21.1,57.95,15.0,30.0,18,комфортно
22:59,Датчик теплицы,23.25,37.8,15.2,29.8,8,комфортно
22:59,Термостат,22.19,55.8,15.7,29.9,11,комфортно
22:59,Метеостанция,23.57,61.5,16.1,29.6,13,комфортно
22:59,Датчик теплицы,22.74,50.4,15.5,29.5,11,комфортно
22:59,Гигрометр,22.8,56.8,15.1,29.6,16,комфортно
22:59,Термостат,22.36,49.1,16.5,29.2,10,комфортно
23:00,Метеостанция,21.22,44.4,16.5,27.8,14,комфортно
23:00,Датчик теплицы,24.94,60.25,16.0,28.5,8,комфортно
23:00,Гигрометр,20.98,58.35,15.1,27.6,16,комфортно
23:00,Термостат,20.4,63.15,15.7,27.9,10,комфортно
23:00,Метеостанция,21.74,59.6,15.0,29.7,14,комфортно
23:00,Термостат,22.11,62.65,15.3,29.0,10,комфортно
23:00,Датчик теплицы,25.06,59.5,16.5,29.6,13,комфортно
23:00,Гигрометр,23.41,51.1,17.1,29.3,15,комфортно
23:00,Термостат,23.94,41.95,16.5,29.9,8,комфортно
23:00,Гигрометр,22.87,50.1,15.2,28.7,15,комфортно
23:00,Датчик теплицы,22.88,61.4,16.0,28.0,11,комфортно
23:00,Метеостанция,22.17,57.55,15.1,29.3,14,комфортно
23:00,Датчик теплицы,24.31,56.4,19.1,28.9,9,комфортно
23:00,Гигрометр,21.87,40.8,17.4,28.5,15,комфортно
23:00,Термостат,21.53,52.2,15.0,26.2,10,комфортно
23:00,Метеостанция,22.93,47.85,15.1,29.6,18,комфортно
23:00,Датчик теплицы,24.03,60.0,15.4,28.6,9,комфортно
23:00,Термостат,22.55,48.0,17.2,29.8,13,комфортно
23:00,Метеостанция,23.58,66.6,17.3,29.8,15,влажно
23:00,Гигрометр,22.99,50.8,15.9,29.9,10,комфортно
23:00,Метеостанция,22.03,47.9,15.4,29.7,18,комфортно
23:00,Гигрометр,23.1,51.4,18.2,27.9,6,комфортно
23:00,Датчик теплицы,22.18,55.15,16.4,26.8,10,комфортно
23:00,Термостат,21.93,66.4,15.1,28.9,15,влажно
23:01,Гигрометр,23.34,52.7,15.1,29.7,17,комфортно
23:01,Датчик теплицы,24.43,67.8,15.4,30.0,11,влажно
23:01,Термостат,23.32,43.55,15.3,29.3,12,комфортно
23:01,Метеостанция,21.53,58.3,15.5,29.6,11,комфортно
23:01,Термостат,21.3,66.1,15.2,28.8,6,влажно
23:01,Гигрометр,23.46,57.4,20.3,29.4,5,комфортно
23:01,Метеостанция,19.7,60.9,15.9,27.4,10,комфортно
23:01,Датчик теплицы,16.2,50.05,15.5,16.9,2,холодно
23:08,Метеостанция,20.4,57.2,20.4,20.4,1,комфортно
23:08,Метеостанция,21.45,61.45,15.4,28.8,12,комфортно
23:08,Гигрометр,20.51,36.4,15.2,24.9,9,комфортно
23:08,Термостат,21.59,58.1,15.1,26.3,11,комфортно
23:08,Датчик теплицы,21.92,53.9,15.3,27.3,15,комфортно
23:08,Датчик теплицы,23.12,43.1,17.3,28.1,10,комфортно
23:08,Метеостанция,20.81,65.5,15.5,28.5,11,влажно
23:08,Термостат,22.12,58.5,15.7,29.3,17,комфортно
23:08,Гигрометр,22.69,51.35,16.1,27.3,10,комфортно
23:09,Метеостанция,25.53,64.9,23.2,29.3,9,комфортно
23:09,Термостат,22.38,55.6,15.5,27.8,14,комфортно
23:09,Гигрометр,21.87,65.9,15.6,29.3,15,влажно
23:09,Датчик теплицы,20.65,59.0,15.0,28.0,11,комфортно
23:09,Гигрометр,21.9,66.55,15.6,28.6,8,влажно
23:09,Термостат,23.79,57.1,15.3,29.4,13,комфортно
23:09,Метеостанция,22.04,55.85,15.2,29.1,14,комфортно
23:09,Датчик теплицы,22.32,61.7,15.9,29.3,17,комфортно
23:09,Датчик теплицы,21.39,55.8,15.8,29.1,13,комфортно
23:09,Метеостанция,21.53,53.7,16.2,26.8,15,комфортно
23:09,Термостат,23.54,55.6,15.7,29.5,7,комфортно
23:09,Гигрометр,23.01,58.7,15.9,29.8,15,комфортно
23:09,Метеостанция,21.01,60.7,15.8,29.9,13,комфортно
23:09,Датчик теплицы,22.09,43.2,15.8,29.5,15,комфортно
23:09,Термостат,24.91,55.4,18.6,29.9,14,комфортно
23:09,Гигрометр,23.36,44.4,15.8,30.0,5,комфортно
23:09,Метеостанция,22.67,60.9,18.9,29.2,11,комфортно
23:09,Датчик теплицы,21.84,55.3,15.9,28.1,17,комфортно
23:09,Термостат,23.41,51.1,15.4,29.9,14,комфортно
23:09,Гигрометр,22.05,44.4,15.6,27.7,13,комфортно
23:09,Датчик теплицы,22.04,54.0,15.9,29.3,15,комфортно
23:09,Термостат,22.85,61.7,15.7,29.8,15,комфортно
23:09,Метеостанция,23.22,47.0,19.1,28.4,9,комфортно
23:09,Гигрометр,21.0,35.9,15.9,28.1,9,комфортно
23:10,Термостат,23.66,64.7,15.2,29.8,13,комфортно
23:10,Датчик теплицы,23.56,68.5,16.0,29.6,13,влажно
23:10,Метеостанция,22.16,51.9,15.8,29.7,16,комфортно
23:10,Гигрометр,18.2,45.9,15.4,23.2,7,комфортно
23:10,Метеостанция,24.8,53.65,15.5,29.7,12,комфортно
23:10,Датчик теплицы,22.21,50.15,16.3,29.9,14,комфортно
23:10,Гигрометр,22.93,58.0,16.0,28.5,8,комфортно
23:10,Термостат,23.53,53.1,16.3,28.5,15,комфортно
23:10,Термостат,21.87,55.45,15.2,29.0,14,комфортно
23:10,Метеостанция,22.63,64.3,15.4,29.8,13,комфортно
23:10,Датчик теплицы,20.99,60.4,15.1,29.7,11,комфортно
23:10,Гигрометр,21.97,54.85,15.8,29.3,12,комфортно
23:10,Датчик теплицы,22.8,55.65,18.5,29.5,12,комфортно
23:10,Гигрометр,22.02,66.9,15.1,29.0,19,влажно
23:10,Метеостанция,21.4,63.9,15.5,28.5,9,комфортно
23:10,Термостат,22.99,46.05,15.2,30.0,12,комфортно
23:10,Термостат,23.68,58.8,15.3,28.6,10,комфортно
23:10,Метеостанция,22.75,56.5,15.0,29.3,11,комфортно
23:10,Датчик теплицы,23.61,57.5,15.1,28.9,15,комфортно
23:10,Гигрометр,22.94,62.2,15.1,30.0,13,комфортно
23:10,Гигрометр,21.46,59.8,15.1,27.7,7,комфортно
23:10,Датчик теплицы,20.7,50.2,15.2,28.0,15,комфортно
23:10,Термостат,24.33,57.0,15.7,29.9,9,комфортно
23:10,Метеостанция,24.56,53.7,15.1,30.0,17,комфортно
23:11,Гигрометр,20.3,60.4,15.1,28.4,21,комфортно
23:11,Датчик теплицы,22.89,67.7,15.7,29.8,9,влажно
23:11,Метеостанция,20.89,46.2,15.3,29.6,8,комфортно
23:11,Термостат,22.23,61.15,15.0,29.5,14,комфортно
23:11,Метеостанция,20.69,43.9,16.4,26.3,7,комфортно
23:11,Гигрометр,22.07,60.8,16.4,28.5,15,комфортно
23:11,Термостат,22.07,57.95,15.2,28.4,16,комфортно
23:11,Датчик теплицы,21.61,43.9,15.7,30.0,9,комфортно
23:11,Гигрометр,20.84,46.6,15.0,27.6,15,комфортно
23:11,Метеостанция,25.98,45.65,18.4,29.8,10,комфортно
23:11,Датчик теплицы,21.36,51.6,15.3,29.5,14,комфортно
23:11,Термостат,23.57,43.6,15.0,29.8,13,комфортно
23:11,Термостат,22.46,48.8,15.5,29.4,17,комфортно
23:11,Гигрометр,21.48,56.3,15.8,29.6,13,комфортно
23:11,Датчик теплицы,24.18,43.6,16.3,29.7,11,комфортно
23:11,Метеостанция,26.2,48.3,18.7,29.5,6,жарко
23:11,Термостат,22.83,54.7,16.1,27.8,19,комфортно
23:11,Гигрометр,22.35,48.3,15.6,26.4,11,комфортно
23:11,Датчик теплицы,23.22,48.7,18.9,29.9,17,комфортно
23:11,Метеостанция,22.67,58.8,17.1,27.1,6,комфортно
23:11,Датчик теплицы,23.56,56.05,16.4,29.9,14,комфортно
23:11,Термостат,23.31,65.0,16.4,30.0,11,влажно
23:11,Гигрометр,21.37,59.2,15.3,29.8,15,комфортно
23:11,Метеостанция,23.37,50.8,18.1,28.0,7,комфортно
23:12,Метеостанция,21.56,61.0,15.6,27.0,13,комфортно
23:12,Гигрометр,21.27,63.3,15.6,27.8,12,комфортно
23:12,Термостат,21.86,49.5,16.1,28.5,14,комфортно
23:12,Датчик теплицы,20.04,65.4,15.8,25.4,14,влажно
23:12,Термостат,22.61,48.3,17.9,29.4,11,комфортно
23:12,Метеостанция,24.71,49.65,16.1,29.8,12,комфортно
23:12,Гигрометр,23.13,52.1,16.8,29.4,15,комфортно
23:12,Датчик теплицы,22.84,46.3,15.8,29.5,11,комфортно
23:12,Термостат,23.08,52.5,15.2,29.5,13,комфортно
23:12,Гигрометр,23.55,61.3,15.3,29.0,15,комфортно
23:12,Датчик теплицы,22.14,54.5,16.5,29.2,13,комфортно
23:12,Метеостанция,23.31,48.0,17.3,28.8,9,комфортно
23:12,Термостат,23.48,55.35,16.1,28.2,16,комфортно
23:12,Метеостанция,23.55,40.2,17.6,27.9,11,комфортно
23:12,Гигрометр,24.64,41.7,19.0,29.9,10,комфортно
23:12,Датчик теплицы,22.02,53.9,16.7,27.0,11,комфортно
23:12,Датчик теплицы,21.1,54.35,15.6,29.1,12,комфортно
23:12,Гигрометр,22.16,61.1,15.2,28.1,10,комфортно
23:12,Метеостанция,22.08,61.9,15.7,29.1,17,комфортно
23:12,Термостат,24.47,50.5,18.6,29.3,11,комфортно
23:12,Гигрометр,21.73,55.75,15.5,29.0,16,комфортно
23:12,Датчик теплицы,21.43,51.3,15.4,30.0,14,комфортно
23:12,Метеостанция,23.83,37.6,15.9,27.7,7,комфортно
23:12,Термостат,22.81,54.65,16.3,29.6,12,комфортно
23:13,Гигрометр,25.06,53.35,18.2,29.2,18,комфортно
23:13,Метеостанция,22.59,46.25,16.2,26.9,10,комфортно
23:13,Датчик теплицы,22.05,68.7,17.5,28.1,6,влажно
23:13,Термостат,22.88,49.5,16.2,28.9,17,комфортно
23:13,Термостат,22.81,63.9,15.0,26.3,12,комфортно
23:13,Датчик теплицы,23.11,54.2,15.4,29.2,17,комфортно
23:13,Гигрометр,19.52,38.65,15.7,27.8,8,комфортно
23:13,Метеостанция,22.61,58.45,15.5,29.7,14,комфортно
23:13,Метеостанция,22.17,54.7,15.5,29.0,19,комфортно
23:13,Гигрометр,20.09,61.2,15.9,28.2,9,комфортно
23:13,Термостат,24.03,50.8,16.6,28.9,11,комфортно
23:13,Датчик теплицы,22.12,55.6,17.7,29.9,11,комфортно
23:13,Метеостанция,23.58,49.1,16.4,29.3,11,комфортно
23:13,Гигрометр,22.0,49.25,15.1,27.5,8,комфортно
23:13,Датчик теплицы,21.3,59.05,16.3,26.6,16,комфортно
23:13,Термостат,21.95,60.5,15.7,27.3,13,комфортно
23:13,Гигрометр,23.39,54.4,15.7,29.8,9,комфортно
23:13,Термостат,21.98,57.4,15.2,29.8,12,комфортно
23:13,Метеостанция,22.13,57.6,15.8,29.2,19,комфортно
23:13,Датчик теплицы,22.96,43.9,15.8,29.9,11,комфортно
23:13,Датчик теплицы,21.19,48.05,15.6,28.2,12,комфортно
23:13,Термостат,22.72,59.6,18.5,27.1,14,комфортно
23:13,Гигрометр,24.85,67.05,19.1,29.7,12,влажно
23:13,Метеостанция,21.16,46.0,15.5,28.0,13,комфортно
23:14,Гигрометр,23.73,55.4,17.5,28.9,11,комфортно
23:14,Метеостанция,23.08,59.15,15.3,29.9,12,комфортно
23:14,Датчик теплицы,20.13,51.8,15.1,27.2,10,комфортно
23:14,Термостат,22.74,54.7,15.9,28.9,12,комфортно
23:14,Гигрометр,22.75,60.4,16.6,27.8,10,комфортно
23:14,Датчик теплицы,20.03,47.1,15.0,28.6,13,комфортно
23:14,Метеостанция,22.22,60.0,15.4,29.9,17,комфортно
23:14,Термостат,20.98,56.2,16.5,29.5,13,комфортно
23:14,Датчик теплицы,22.22,59.3,16.2,29.2,11,комфортно
23:14,Термостат,21.61,57.7,15.3,29.9,12,комфортно
23:14,Метеостанция,21.03,49.45,15.4,28.3,12,комфортно
23:14,Гигрометр,23.82,67.2,15.7,29.9,13,влажно
23:14,Термостат,22.73,60.85,16.0,29.7,12,комфортно
23:14,Метеостанция,22.05,55.35,16.5,27.4,10,комфортно
23:14,Гигрометр,23.8,57.9,16.0,29.6,7,комфортно
23:14,Датчик теплицы,18.57,54.75,16.6,23.4,6,комфортно
23:22,Термостат,24.53,43.2,15.9,29.1,3,комфортно
23:22,Метеостанция,22.53,31.9,21.0,23.5,3,сухо
23:22,Датчик теплицы,16.5,58.2,16.5,16.5,1,холодно
23:22,Гигрометр,19.0,75.4,19.0,19.0,1,влажно
23:22,Датчик теплицы,21.13,54.5,16.9,26.6,13,комфортно
23:22,Термостат,20.86,64.2,15.7,27.1,15,комфортно
23:22,Гигрометр,22.35,59.6,15.6,29.3,15,комфортно
23:22,Метеостанция,23.28,64.3,15.7,28.9,8,комфортно
23:22,Гигрометр,21.63,46.0,16.5,29.2,9,комфортно
23:22,Термостат,24.27,61.6,18.2,29.7,11,комфортно
23:22,Метеостанция,22.19,55.1,15.5,28.7,15,комфортно
23:22,Датчик теплицы,20.74,52.6,15.1,29.0,14,комфортно
23:22,Метеостанция,22.62,51.25,16.5,28.4,10,комфортно
23:22,Датчик теплицы,19.77,58.3,15.1,27.5,11,комфортно
23:22,Гигрометр,22.78,55.7,15.5,29.2,16,комфортно
23:22,Термостат,20.98,65.0,15.3,26.3,13,влажно
23:22,Метеостанция,21.68,66.4,15.8,29.8,19,влажно
23:22,Термостат,22.27,54.15,15.5,29.4,10,комфортно
23:22,Гигрометр,21.68,56.95,17.2,29.4,12,комфортно
23:22,Датчик теплицы,21.55,53.95,15.0,27.5,8,комфортно
23:23,Метеостанция,25.29,42.5,15.9,30.0,14,комфортно
23:23,Гигрометр,22.64,49.6,15.4,29.8,16,комфортно
23:23,Датчик теплицы,22.91,48.9,15.4,28.0,12,комфортно
23:23,Термостат,22.41,47.4,18.1,27.4,10,комфортно
23:23,Датчик теплицы,19.79,53.5,15.0,25.8,13,комфортно
23:23,Метеостанция,23.98,60.2,16.6,29.2,9,комфортно
23:23,Гигрометр,22.67,48.2,16.7,29.8,15,комфортно
23:23,Термостат,23.43,48.6,15.9,29.2,12,комфортно
23:23,Датчик теплицы,22.33,62.3,15.1,29.5,9,комфортно
23:23,Метеостанция,24.26,56.55,16.7,29.8,14,комфортно
23:23,Гигрометр,23.84,59.55,15.3,29.2,12,комфортно
23:23,Термостат,23.36,55.8,16.5,29.3,15,комфортно
23:23,Гигрометр,23.4,41.4,16.1,29.8,13,комфортно
23:23,Термостат,22.98,54.3,16.0,29.7,13,комфортно
23:23,Метеостанция,21.56,62.1,15.1,29.4,15,комфортно
23:23,Датчик теплицы,21.04,52.6,16.0,26.0,7,комфортно
23:23,Метеостанция,21.29,60.5,18.0,28.8,9,комфортно
23:23,Термостат,21.03,49.55,15.4,29.7,20,комфортно
23:23,Гигрометр,23.33,54.2,15.8,29.6,12,комфортно
23:23,Датчик теплицы,22.0,64.05,15.6,27.5,10,комфортно
23:23,Гигрометр,22.58,43.5,16.8,29.0,10,комфортно
23:23,Метеостанция,20.87,58.25,15.7,29.0,20,комфортно
23:23,Термостат,21.95,54.6,15.3,28.2,15,комфортно
23:23,Датчик теплицы,22.43,49.2,15.4,28.5,6,комфортно
23:24,Термостат,23.28,58.65,15.3,29.9,14,комфортно
23:24,Датчик теплицы,22.32,59.6,16.1,29.9,17,комфортно
23:24,Метеостанция,22.97,45.0,15.5,28.4,11,комфортно
23:24,Гигрометр,21.36,50.0,15.6,29.2,5,комфортно
23:24,Датчик теплицы,24.15,64.5,18.0,30.0,14,комфортно
23:24,Метеостанция,23.56,60.9,17.4,29.5,15,комфортно
23:24,Термостат,23.25,65.0,15.7,30.0,11,влажно
23:24,Гигрометр,21.92,59.0,15.1,29.9,12,комфортно
23:24,Термостат,22.9,44.4,17.1,27.4,10,комфортно
23:24,Метеостанция,23.73,61.3,16.8,29.4,17,комфортно
23:24,Гигрометр,24.56,61.0,17.0,29.5,12,комфортно
23:24,Датчик теплицы,23.09,60.9,16.2,29.6,9,комфортно
23:24,Термостат,24.3,39.9,17.7,29.6,18,комфортно
23:24,Метеостанция,21.73,62.1,16.4,29.7,6,комфортно
23:24,Гигрометр,21.64,60.95,15.3,28.4,14,комфортно
23:24,Датчик теплицы,22.96,56.2,17.7,28.4,11,комфортно
23:24,Датчик теплицы,23.27,57.05,15.8,30.0,12,комфортно
23:24,Гигрометр,23.51,47.65,15.3,29.5,22,комфортно
23:24,Метеостанция,22.34,63.0,18.7,30.0,5,комфортно
23:24,Термостат,22.75,57.7,16.9,29.4,13,комфортно
23:24,Гигрометр,23.51,62.25,16.6,28.4,14,комфортно
23:24,Метеостанция,22.93,60.15,17.0,29.3,12,комфортно
23:24,Термостат,23.43,49.55,16.3,29.3,12,комфортно
23:24,Датчик теплицы,23.48,49.7,16.6,29.6,11,комфортно
23:25,Метеостанция,23.65,60.0,15.1,29.0,15,комфортно
23:25,Гигрометр,23.95,60.0,15.1,28.9,13,комфортно
23:25,Датчик теплицы,22.0,48.15,15.1,28.9,10,комфортно
23:25,Термостат,22.75,71.1,19.2,29.6,12,влажно
23:25,Гигрометр,22.17,51.2,16.0,27.3,9,комфортно
23:25,Термостат,23.36,56.1,15.4,29.5,16,комфортно
23:25,Метеостанция,21.68,50.7,15.2,28.2,15,комфортно
23:25,Датчик теплицы,22.28,52.55,15.1,29.2,10,комфортно
23:25,Термостат,23.93,51.5,15.1,29.0,18,комфортно
23:25,Метеостанция,21.7,52.55,15.2,28.4,12,комфортно
23:25,Гигрометр,23.83,49.5,18.6,29.5,9,комфортно
23:25,Датчик теплицы,21.0,72.7,15.1,28.6,9,влажно
23:25,Датчик теплицы,21.46,54.65,16.3,28.9,12,комфортно
23:25,Гигрометр,20.26,65.3,15.1,28.4,16,влажно
23:25,Метеостанция,22.85,47.8,15.4,29.2,11,комфортно
23:25,Термостат,20.72,57.9,15.2,28.5,14,комфортно
23:25,Термостат,20.72,47.4,15.6,25.5,11,комфортно
23:25,Метеостанция,23.78,48.4,15.4,29.9,12,комфортно
23:25,Гигрометр,20.25,52.8,15.2,26.6,13,комфортно
23:25,Датчик теплицы,22.09,68.7,16.5,29.6,12,влажно
23:25,Датчик теплицы,22.64,67.2,15.5,27.8,12,влажно
23:25,Метеостанция,21.97,56.4,15.1,27.1,19,комфортно
23:25,Термостат,23.02,50.2,15.4,29.0,15,комфортно
23:25,Гигрометр,18.96,61.5,16.5,22.1,5,комфортно
23:26,Термостат,21.88,58.2,15.4,29.2,12,комфортно
23:26,Датчик теплицы,20.77,57.4,15.8,26.9,9,комфортно
23:26,Метеостанция,23.42,55.55,15.2,29.0,12,комфортно
23:26,Гигрометр,23.77,53.3,15.5,29.4,15,комфортно
23:26,Метеостанция,26.2,50.25,17.9,29.4,10,жарко
23:26,Термостат,22.38,50.3,16.9,27.3,13,комфортно
23:26,Гигрометр,21.64,55.3,16.0,28.6,16,комфортно
23:26,Датчик теплицы,22.55,46.4,16.2,29.4,11,комфортно
23:26,Гигрометр,24.4,63.0,16.5,29.4,11,комфортно
23:26,Датчик теплицы,23.36,45.75,17.8,29.1,8,комфортно
23:26,Метеостанция,23.94,49.75,15.6,29.9,16,комфортно
23:26,Термостат,20.28,45.0,15.1,28.8,13,комфортно
23:26,Термостат,20.36,50.25,16.2,26.3,12,комфортно
23:26,Датчик теплицы,24.79,45.1,21.3,26.9,7,комфортно
23:26,Гигрометр,20.83,55.4,15.4,28.2,15,комфортно
23:26,Метеостанция,21.81,57.3,15.0,28.3,17,комфортно
23:26,Датчик теплицы,24.06,58.0,15.9,29.0,11,комфортно
23:26,Термостат,21.97,65.4,15.2,28.9,11,влажно
23:26,Гигрометр,20.88,56.25,15.2,29.0,16,комфортно
23:26,Метеостанция,22.3,52.95,16.8,28.1,10,комфортно
23:26,Метеостанция,24.05,58.9,15.8,29.3,11,комфортно
23:26,Гигрометр,22.83,61.9,16.1,29.8,16,комфортно
23:26,Датчик теплицы,23.57,44.0,17.5,28.6,9,комфортно
23:26,Термостат,21.21,51.15,15.9,28.9,16,комфортно
23:27,Термостат,23.52,59.9,16.0,29.4,13,комфортно
23:27,Метеостанция,21.71,49.25,15.2,27.5,16,комфортно
23:27,Датчик теплицы,22.4,49.45,17.0,27.8,8,комфортно
23:27,Гигрометр,19.96,57.9,15.8,30.0,9,комфортно
23:29,Метеостанция,21.78,58.55,15.6,29.1,14,комфортно
23:29,Термостат,21.19,58.05,16.4,28.7,8,комфортно
23:29,Датчик теплицы,20.41,56.3,15.0,29.9,15,комфортно
23:29,Гигрометр,23.68,43.35,19.6,27.8,10,комфортно
23:29,Гигрометр,23.29,53.4,18.9,27.4,10,комфортно
23:29,Датчик теплицы,22.29,49.5,16.9,29.5,13,комфортно
23:29,Метеостанция,22.98,53.7,15.7,29.3,14,комфортно
23:29,Термостат,24.02,54.6,17.6,29.3,13,комфортно
23:29,Датчик теплицы,21.3,52.0,15.6,29.4,8,комфортно
23:29,Термостат,25.24,51.4,16.7,29.9,13,комфортно
23:29,Гигрометр,23.23,39.8,15.6,27.8,13,комфортно
23:29,Метеостанция,22.26,56.7,15.8,27.2,14,комфортно
23:30,Датчик теплицы,20.57,62.25,15.3,26.1,10,комфортно
23:30,Метеостанция,22.04,62.5,17.6,28.8,8,комфортно
23:30,Гигрометр,22.95,53.1,17.0,29.3,11,комфортно
23:30,Термостат,21.4,51.3,15.2,28.5,19,комфортно
23:30,Датчик теплицы,21.34,58.65,15.0,29.1,14,комфортно
23:30,Метеостанция,21.38,51.85,16.2,28.0,10,комфортно
23:30,Гигрометр,22.31,56.8,17.0,29.3,8,комфортно
23:30,Термостат,24.09,52.5,18.7,29.9,19,комфортно
23:30,Термостат,22.45,48.7,17.1,28.2,13,комфортно
23:30,Гигрометр,21.36,51.0,15.6,28.6,13,комфортно
23:30,Датчик теплицы,25.41,54.45,19.6,29.2,12,комфортно
23:30,Метеостанция,22.41,62.2,16.4,28.6,14,комфортно
23:30,Гигрометр,23.88,51.15,15.8,29.5,12,комфортно
23:30,Датчик теплицы,24.6,72.9,18.6,28.9,8,влажно
23:30,Термостат,20.75,51.65,15.1,27.8,18,комфортно
23:30,Метеостанция,23.23,60.9,15.6,28.2,13,комфортно
23:30,Термостат,22.25,41.95,16.1,30.0,12,комфортно
23:30,Гигрометр,23.35,42.5,16.9,29.6,13,комфортно
23:30,Метеостанция,19.21,48.7,15.3,23.3,9,комфортно
23:30,Датчик теплицы,21.16,48.2,15.4,28.8,11,комфортно
23:30,Метеостанция,22.71,62.1,15.4,29.7,12,комфортно
23:30,Гигрометр,23.55,60.15,17.5,29.8,20,комфортно
23:30,Датчик теплицы,21.72,47.3,15.0,28.7,13,комфортно
23:30,Термостат,21.94,51.35,16.6,29.5,8,комфортно
23:31,Гигрометр,21.06,62.15,15.6,28.9,12,комфортно
23:31,Термостат,22.47,52.1,16.6,29.9,14,комфортно
23:31,Датчик теплицы,22.86,59.3,15.5,29.5,13,комфортно
23:31,Метеостанция,22.31,60.9,16.3,28.4,9,комфортно
23:31,Датчик теплицы,21.04,48.2,15.0,29.5,15,комфортно
23:31,Термостат,23.84,59.95,15.6,29.9,10,комфортно
23:31,Гигрометр,22.37,52.2,15.6,27.1,11,комфортно
23:31,Метеостанция,22.94,52.8,15.4,30.0,17,комфортно
23:31,Термостат,21.96,51.85,15.8,29.7,14,комфортно
23:31,Датчик теплицы,21.16,59.15,15.5,29.1,14,комфортно
23:31,Метеостанция,21.76,50.3,15.6,26.7,9,комфортно
23:31,Гигрометр,22.49,52.3,17.9,25.4,9,комфортно
23:31,Датчик теплицы,24.31,55.6,17.6,29.5,10,комфортно
23:31,Гигрометр,20.11,58.4,16.0,26.6,8,комфортно
23:31,Термостат,23.4,40.45,15.8,29.1,10,комфортно
23:31,Метеостанция,22.77,55.95,15.3,29.7,24,комфортно
23:31,Метеостанция,21.66,62.9,16.3,29.7,9,комфортно
23:31,Датчик теплицы,23.83,54.4,17.8,29.6,13,комфортно
23:31,Гигрометр,22.92,51.9,16.6,28.8,13,комфортно
23:31,Термостат,24.44,39.7,15.1,29.8,17,комфортно
23:31,Датчик теплицы,23.37,56.2,15.5,29.6,15,комфортно
23:31,Метеостанция,21.17,48.9,16.0,24.7,8,комфортно
23:31,Гигрометр,22.71,59.25,16.5,29.7,12,комфортно
23:31,Термостат,22.21,58.7,16.4,27.7,13,комфортно
23:32,Датчик теплицы,21.46,51.4,16.0,29.6,13,комфортно
23:32,Термостат,23.55,52.8,15.9,29.8,11,комфортно
23:32,Гигрометр,23.48,55.8,18.1,30.0,13,комфортно
23:32,Метеостанция,21.63,52.3,15.2,28.7,11,комфортно
23:32,Метеостанция,22.87,57.85,17.7,28.4,14,комфортно
23:32,Гигрометр,22.76,50.4,17.2,27.0,11,комфортно
23:32,Датчик теплицы,24.18,43.6,18.2,28.6,9,комфортно
23:32,Термостат,21.92,46.75,15.2,29.9,14,комфортно
23:37,Гигрометр,19.7,59.3,19.7,19.7,1,комфортно
23:37,Датчик теплицы,21.0,56.6,21.0,21.0,1,комфортно
23:37,Термостат,22.6,54.2,15.0,29.8,20,комфортно
23:37,Гигрометр,21.71,49.0,15.3,29.3,11,комфортно
23:37,Метеостанция,22.3,45.9,16.1,28.8,13,комфортно
23:37,Датчик теплицы,22.33,38.85,17.1,27.0,6,комфортно
23:37,Гигрометр,21.22,55.7,15.4,28.5,19,комфортно
23:37,Метеостанция,20.91,60.4,17.1,25.9,8,комфортно
23:37,Датчик теплицы,24.02,47.7,15.8,29.3,12,комфортно
23:37,Термостат,21.83,51.05,17.1,29.4,10,комфортно
23:37,Термостат,23.28,50.7,15.8,29.6,19,комфортно
23:37,Метеостанция,23.37,55.4,17.5,29.4,15,комфортно
23:37,Датчик теплицы,21.26,44.5,16.7,26.4,12,комфортно
23:37,Гигрометр,22.72,49.0,18.4,28.0,5,комфортно
23:37,Термостат,23.45,48.0,15.3,29.0,13,комфортно
23:37,Датчик теплицы,22.86,59.2,15.7,29.4,14,комфортно
23:37,Гигрометр,25.14,62.35,17.4,30.0,10,комфортно
23:37,Метеостанция,21.73,43.25,15.2,28.4,12,комфортно
23:37,Гигрометр,21.01,56.1,15.2,29.2,18,комфортно
23:37,Датчик теплицы,23.03,66.1,16.4,29.7,13,влажно
23:37,Метеостанция,21.25,58.6,15.6,29.3,8,комфортно
23:37,Термостат,24.0,61.7,17.2,27.1,10,комфортно
23:38,Датчик теплицы,21.27,60.15,15.5,27.0,10,комфортно
23:38,Гигрометр,22.98,54.6,15.7,29.8,13,комфортно
23:38,Метеостанция,20.78,63.45,15.1,26.5,10,комфортно
23:38,Термостат,22.84,59.1,16.7,29.0,17,комфортно
23:38,Термостат,22.24,49.7,16.2,27.3,14,комфортно
23:38,Метеостанция,24.43,53.1,17.1,29.8,13,комфортно
23:38,Датчик теплицы,20.23,56.65,15.6,26.8,14,комфортно
23:38,Гигрометр,19.81,52.5,15.6,25.2,9,комфортно
23:38,Метеостанция,20.67,63.0,16.0,27.6,16,комфортно
23:38,Термостат,21.57,52.7,15.7,28.1,15,комфортно
23:38,Датчик теплицы,24.1,44.45,18.3,29.7,6,комфортно
23:38,Гигрометр,22.54,48.6,15.3,29.6,15,комфортно
23:38,Метеостанция,23.28,51.2,15.3,29.7,13,комфортно
23:38,Термостат,21.71,57.0,16.0,26.9,8,комфортно
23:38,Датчик теплицы,21.28,58.1,15.2,29.2,17,комфортно
23:38,Гигрометр,23.19,66.9,16.1,29.9,8,влажно
23:38,Термостат,19.88,46.9,15.1,28.1,15,комфортно
23:38,Гигрометр,23.83,52.0,16.4,28.1,15,комфортно
23:38,Датчик теплицы,21.59,56.55,15.8,30.0,10,комфортно
23:38,Метеостанция,21.07,61.3,15.3,27.6,11,комфортно
23:38,Термостат,24.22,53.45,16.1,28.9,10,комфортно
23:38,Метеостанция,21.47,50.45,15.7,29.1,18,комфортно
23:38,Гигрометр,20.19,48.2,15.1,27.9,11,комфортно
23:38,Датчик теплицы,21.08,52.9,16.6,27.6,11,комфортно
23:39,Датчик теплицы,23.05,47.4,15.7,30.0,13,комфортно
23:39,Метеостанция,22.32,55.0,16.5,29.7,13,комфортно
23:39,Гигрометр,21.75,43.7,15.0,28.5,13,комфортно
23:39,Термостат,22.14,39.15,16.0,29.7,10,комфортно
23:39,Метеостанция,22.76,45.25,15.9,29.4,18,комфортно
23:39,Датчик теплицы,23.07,52.3,15.3,28.8,13,комфортно
23:39,Термостат,23.25,53.75,15.4,29.9,10,комфортно
23:39,Гигрометр,21.67,58.55,15.6,29.5,12,комфортно
23:39,Гигрометр,22.55,48.9,16.7,29.4,15,комфортно
23:39,Метеостанция,21.33,55.9,16.6,29.9,13,комфортно
23:39,Термостат,21.28,43.7,16.6,28.1,11,комфортно
23:39,Датчик теплицы,22.06,54.3,16.4,29.2,8,комфортно
23:39,Датчик теплицы,23.14,50.6,15.7,29.1,21,комфортно
23:39,Метеостанция,25.3,51.6,20.9,29.0,9,комфортно
23:39,Термостат,24.52,49.6,17.1,29.9,11,комфортно
23:39,Гигрометр,22.4,50.9,15.2,28.0,9,комфортно
23:39,Датчик теплицы,24.0,57.2,17.0,28.3,11,комфортно
23:39,Гигрометр,23.5,58.65,15.3,30.0,12,комфортно
23:39,Метеостанция,22.77,60.85,15.1,28.9,12,комфортно
23:39,Термостат,24.52,53.5,18.6,29.7,13,комфортно
23:39,Гигрометр,22.81,49.8,15.1,29.7,14,комфортно
23:39,Метеостанция,20.83,52.85,15.8,27.6,10,комфортно
23:39,Датчик теплицы,23.13,49.3,15.3,29.9,18,комфортно
23:39,Термостат,22.84,58.65,15.5,29.7,12,комфортно
23:40,Метеостанция,24.05,66.4,16.2,29.8,13,влажно
23:40,Гигрометр,23.7,68.55,16.3,27.5,6,влажно
23:40,Датчик теплицы,21.4,53.45,15.7,28.3,22,комфортно
23:40,Термостат,19.57,59.05,15.4,22.7,6,комфортно
23:40,Метеостанция,21.64,66.6,15.2,28.8,13,влажно
23:40,Гигрометр,21.53,49.5,15.5,27.2,15,комфортно
23:40,Термостат,21.98,51.55,15.2,26.5,10,комфортно
23:40,Датчик теплицы,22.4,57.35,15.4,27.2,14,комфортно
23:40,Датчик теплицы,23.53,55.25,18.8,29.1,12,комфортно
23:40,Метеостанция,22.51,65.25,16.2,27.8,8,влажно
23:40,Термостат,23.42,51.4,17.5,29.4,13,комфортно
23:40,Гигрометр,23.34,61.5,16.2,28.9,17,комфортно
23:40,Метеостанция,22.57,56.9,19.6,26.2,7,комфортно
23:40,Гигрометр,23.87,50.8,19.4,29.2,12,комфортно
23:40,Датчик теплицы,22.84,58.7,17.4,28.6,15,комфортно
23:40,Термостат,23.5,55.55,16.4,28.6,8,комфортно
23:44,Метеостанция,22.42,64.4,17.0,28.7,11,комфортно
23:44,Гигрометр,22.68,59.3,16.6,29.4,10,комфортно
23:44,Датчик теплицы,22.69,66.8,16.2,29.6,8,влажно
23:44,Термостат,22.98,70.7,18.1,29.1,6,влажно
23:44,Гигрометр,23.01,61.4,15.3,29.0,23,комфортно
23:44,Метеостанция,20.25,59.6,15.0,28.1,26,комфортно
23:44,Датчик теплицы,22.88,62.7,17.2,29.9,29,комфортно
23:44,Термостат,23.53,55.0,15.5,30.0,19,комфортно
23:44,Гигрометр,24.02,51.7,16.1,29.5,22,комфортно
23:44,Термостат,22.21,56.1,16.5,28.0,25,комфортно
23:44,Метеостанция,22.91,54.65,16.1,29.9,22,комфортно
23:44,Датчик теплицы,22.21,52.7,15.4,29.7,31,комфортно
23:44,Гигрометр,21.03,56.75,16.0,29.6,24,комфортно
23:44,Метеостанция,21.83,59.8,15.9,29.0,19,комфортно
23:44,Датчик теплицы,23.81,52.5,15.5,29.8,31,комфортно
23:44,Термостат,23.12,57.3,16.5,29.6,26,комфортно
23:45,Метеостанция,22.56,54.1,15.2,29.8,21,комфортно
23:45,Гигрометр,22.23,53.75,15.9,29.5,24,комфортно
23:45,Датчик теплицы,21.01,61.9,15.3,29.1,29,комфортно
23:45,Термостат,22.23,53.85,15.4,29.6,26,комфортно
23:45,Датчик теплицы,21.58,62.25,15.1,28.2,24,комфортно
23:45,Термостат,23.0,51.7,15.0,29.9,23,комфортно
23:45,Метеостанция,21.05,49.95,15.2,27.6,28,комфортно
23:45,Гигрометр,22.88,54.25,17.5,29.5,24,комфортно
23:45,Гигрометр,23.92,50.1,15.6,29.7,24,комфортно
23:45,Термостат,22.86,57.4,16.1,29.8,23,комфортно
23:45,Датчик теплицы,22.58,48.6,15.1,29.4,22,комфортно
23:45,Метеостанция,21.96,46.3,15.1,29.8,27,комфортно
23:45,Гигрометр,22.2,49.45,15.7,28.7,2,комфортно
23:45,Метеостанция,26.8,43.8,26.8,26.8,1,жарко
23:49,Датчик теплицы,21.34,51.4,15.1,29.4,25,комфортно
23:49,Метеостанция,23.38,64.05,17.0,29.5,12,комфортно
23:49,Гигрометр,22.81,46.0,18.6,29.6,15,комфортно
23:49,Термостат,21.47,51.1,15.6,27.9,15,комфортно
23:49,Датчик теплицы,21.45,52.6,15.4,29.6,19,комфортно
23:49,Гигрометр,22.43,50.2,16.4,30.0,24,комфортно
23:49,Метеостанция,22.76,47.75,15.0,29.8,26,комфортно
23:49,Термостат,20.36,58.6,15.1,29.2,27,комфортно
23:49,Датчик теплицы,21.6,47.0,15.8,29.4,25,комфортно
23:49,Гигрометр,23.15,54.5,15.8,29.8,29,комфортно
23:49,Метеостанция,23.91,52.25,16.2,29.9,20,комфортно
23:49,Термостат,22.06,52.55,15.5,29.2,28,комфортно
23:49,Гигрометр,23.25,42.2,15.2,29.2,19,комфортно
23:49,Термостат,23.09,57.0,15.3,29.7,35,комфортно
23:49,Датчик теплицы,20.33,53.1,15.1,29.9,23,комфортно
23:49,Метеостанция,22.3,57.2,15.5,29.3,23,комфортно
23:49,Метеостанция,22.25,53.3,15.1,29.6,32,комфортно
23:49,Термостат,24.19,51.15,15.2,29.9,24,комфортно
23:49,Гигрометр,23.03,47.8,15.5,29.7,25,комфортно
23:49,Датчик теплицы,21.82,56.4,15.6,29.2,20,комфортно
23:50,Термостат,22.19,50.4,16.2,28.8,17,комфортно
23:50,Гигрометр,21.53,55.6,15.6,29.5,28,комфортно
23:50,Датчик теплицы,22.45,48.8,15.4,29.6,29,комфортно
23:50,Метеостанция,21.15,61.15,15.4,28.5,22,комфортно
23:50,Термостат,22.53,56.0,15.1,29.9,29,комфортно
23:50,Метеостанция,23.81,50.1,15.4,29.7,27,комфортно
23:50,Гигрометр,21.75,57.3,15.7,28.1,23,комфортно
23:50,Датчик теплицы,22.49,62.6,15.9,29.7,24,комфортно
23:50,Термостат,22.23,47.6,17.0,28.6,21,комфортно
23:50,Гигрометр,23.74,53.85,15.1,29.5,24,комфортно
23:50,Метеостанция,22.71,60.3,15.7,29.7,29,комфортно
23:50,Датчик теплицы,22.45,59.5,15.3,29.2,21,комфортно
23:50,Датчик теплицы,20.99,55.1,15.1,29.8,19,комфортно
23:50,Гигрометр,23.16,59.9,15.6,29.4,27,комфортно
23:50,Метеостанция,23.39,54.8,15.1,29.8,25,комфортно
23:50,Термостат,22.48,52.1,15.2,29.7,30,комфортно
23:50,Гигрометр,22.28,56.2,15.2,29.5,19,комфортно
23:50,Метеостанция,21.55,58.3,15.3,29.0,21,комфортно
23:50,Датчик теплицы,22.74,54.2,15.2,29.5,31,комфортно
23:50,Термостат,23.16,52.2,16.1,29.9,27,комфортно
23:50,Датчик теплицы,22.75,58.85,15.9,29.1,24,комфортно
23:50,Гигрометр,22.49,50.6,15.3,29.6,29,комфортно
23:50,Термостат,21.3,50.5,15.3,28.7,27,комфортно
23:50,Метеостанция,23.62,59.3,17.1,29.8,19,комфортно
23:51,Метеостанция,21.44,59.8,15.0,29.7,29,комфортно
23:51,Термостат,23.3,55.9,17.3,28.9,15,комфортно
23:51,Гигрометр,22.28,52.75,15.1,29.6,26,комфортно
23:51,Датчик теплицы,23.14,60.9,15.2,29.8,32,комфортно
23:51,Датчик теплицы,23.17,49.5,15.2,28.9,26,комфортно
23:51,Метеостанция,22.68,55.4,16.1,29.5,19,комфортно
23:51,Гигрометр,23.51,56.1,17.0,29.0,24,комфортно
23:51,Термостат,21.83,56.3,16.1,29.7,30,комфортно
23:51,Датчик теплицы,21.66,57.1,15.1,28.9,17,комфортно
23:51,Метеостанция,24.3,52.25,15.5,29.9,22,комфортно
23:51,Термостат,21.28,56.75,15.0,29.8,32,комфортно
23:51,Гигрометр,22.98,48.5,15.0,29.5,29,комфортно
23:51,Датчик теплицы,18.9,36.4,18.9,18.9,1,комфортно
23:51,Гигрометр,20.5,37.8,20.5,20.5,1,комфортно
23:51,Термостат,16.6,38.7,16.6,16.6,1,холодно
23:58,Термостат,20.41,66.0,15.2,27.6,11,влажно
23:58,Гигрометр,21.27,69.7,15.4,27.8,6,влажно
23:58,Датчик теплицы,22.29,61.95,16.7,26.5,8,комфортно
23:58,Метеостанция,24.7,51.4,19.5,29.9,9,комфортно
